primer_name	Microplate well position	P7 adapter	Index	Index_Seq_priming_site and SP2	Random N	515F_oligo	Full_SEQ		
515F_IT001	A1	CAAGCAGAAGACGGCATACGAGAT	CGTGAT	GTGACTGGAGTTCAGACGTGTGCTCTTCCGATCT	N	GTGYCAGCMGCCGCGGTAA	CAAGCAGAAGACGGCATACGAGATCGTGATGTGACTGGAGTTCAGACGTGTGCTCTTCCGATCTNGTGYCAGCMGCCGCGGTAA		
515F_IT002	A2	CAAGCAGAAGACGGCATACGAGAT	ACATCG	GTGACTGGAGTTCAGACGTGTGCTCTTCCGATCT	NN	GTGYCAGCMGCCGCGGTAA	CAAGCAGAAGACGGCATACGAGATACATCGGTGACTGGAGTTCAGACGTGTGCTCTTCCGATCTNNGTGYCAGCMGCCGCGGTAA		
515F_IT003	A3	CAAGCAGAAGACGGCATACGAGAT	GCCTAA	GTGACTGGAGTTCAGACGTGTGCTCTTCCGATCT	NNN	GTGYCAGCMGCCGCGGTAA	CAAGCAGAAGACGGCATACGAGATGCCTAAGTGACTGGAGTTCAGACGTGTGCTCTTCCGATCTNNNGTGYCAGCMGCCGCGGTAA		
515F_IT004	A4	CAAGCAGAAGACGGCATACGAGAT	TGGTCA	GTGACTGGAGTTCAGACGTGTGCTCTTCCGATCT	NNNN	GTGYCAGCMGCCGCGGTAA	CAAGCAGAAGACGGCATACGAGATTGGTCAGTGACTGGAGTTCAGACGTGTGCTCTTCCGATCTNNNNGTGYCAGCMGCCGCGGTAA		
515F_IT005	A5	CAAGCAGAAGACGGCATACGAGAT	CACTGT	GTGACTGGAGTTCAGACGTGTGCTCTTCCGATCT	N	GTGYCAGCMGCCGCGGTAA	CAAGCAGAAGACGGCATACGAGATCACTGTGTGACTGGAGTTCAGACGTGTGCTCTTCCGATCTNGTGYCAGCMGCCGCGGTAA		
515F_IT006	A6	CAAGCAGAAGACGGCATACGAGAT	ATTGGC	GTGACTGGAGTTCAGACGTGTGCTCTTCCGATCT	NN	GTGYCAGCMGCCGCGGTAA	CAAGCAGAAGACGGCATACGAGATATTGGCGTGACTGGAGTTCAGACGTGTGCTCTTCCGATCTNNGTGYCAGCMGCCGCGGTAA		
515F_IT007	A7	CAAGCAGAAGACGGCATACGAGAT	GATCTG	GTGACTGGAGTTCAGACGTGTGCTCTTCCGATCT	NNN	GTGYCAGCMGCCGCGGTAA	CAAGCAGAAGACGGCATACGAGATGATCTGGTGACTGGAGTTCAGACGTGTGCTCTTCCGATCTNNNGTGYCAGCMGCCGCGGTAA		
515F_IT008	A8	CAAGCAGAAGACGGCATACGAGAT	TCAAGT	GTGACTGGAGTTCAGACGTGTGCTCTTCCGATCT	NNNN	GTGYCAGCMGCCGCGGTAA	CAAGCAGAAGACGGCATACGAGATTCAAGTGTGACTGGAGTTCAGACGTGTGCTCTTCCGATCTNNNNGTGYCAGCMGCCGCGGTAA		
515F_IT009	A9	CAAGCAGAAGACGGCATACGAGAT	CTGATC	GTGACTGGAGTTCAGACGTGTGCTCTTCCGATCT	N	GTGYCAGCMGCCGCGGTAA	CAAGCAGAAGACGGCATACGAGATCTGATCGTGACTGGAGTTCAGACGTGTGCTCTTCCGATCTNGTGYCAGCMGCCGCGGTAA		
515F_IT010	A10	CAAGCAGAAGACGGCATACGAGAT	AAGCTA	GTGACTGGAGTTCAGACGTGTGCTCTTCCGATCT	NN	GTGYCAGCMGCCGCGGTAA	CAAGCAGAAGACGGCATACGAGATAAGCTAGTGACTGGAGTTCAGACGTGTGCTCTTCCGATCTNNGTGYCAGCMGCCGCGGTAA		
515F_IT011	A11	CAAGCAGAAGACGGCATACGAGAT	GTAGCC	GTGACTGGAGTTCAGACGTGTGCTCTTCCGATCT	NNN	GTGYCAGCMGCCGCGGTAA	CAAGCAGAAGACGGCATACGAGATGTAGCCGTGACTGGAGTTCAGACGTGTGCTCTTCCGATCTNNNGTGYCAGCMGCCGCGGTAA		
515F_IT012	A12	CAAGCAGAAGACGGCATACGAGAT	TACAAG	GTGACTGGAGTTCAGACGTGTGCTCTTCCGATCT	NNNN	GTGYCAGCMGCCGCGGTAA	CAAGCAGAAGACGGCATACGAGATTACAAGGTGACTGGAGTTCAGACGTGTGCTCTTCCGATCTNNNNGTGYCAGCMGCCGCGGTAA		
515F_IT013	B1	CAAGCAGAAGACGGCATACGAGAT	TTGACT	GTGACTGGAGTTCAGACGTGTGCTCTTCCGATCT	N	GTGYCAGCMGCCGCGGTAA	CAAGCAGAAGACGGCATACGAGATTTGACTGTGACTGGAGTTCAGACGTGTGCTCTTCCGATCTNGTGYCAGCMGCCGCGGTAA		
515F_IT014	B2	CAAGCAGAAGACGGCATACGAGAT	GGAACT	GTGACTGGAGTTCAGACGTGTGCTCTTCCGATCT	NN	GTGYCAGCMGCCGCGGTAA	CAAGCAGAAGACGGCATACGAGATGGAACTGTGACTGGAGTTCAGACGTGTGCTCTTCCGATCTNNGTGYCAGCMGCCGCGGTAA		
515F_IT015	B3	CAAGCAGAAGACGGCATACGAGAT	TGACAT	GTGACTGGAGTTCAGACGTGTGCTCTTCCGATCT	NNN	GTGYCAGCMGCCGCGGTAA	CAAGCAGAAGACGGCATACGAGATTGACATGTGACTGGAGTTCAGACGTGTGCTCTTCCGATCTNNNGTGYCAGCMGCCGCGGTAA		
515F_IT016	B4	CAAGCAGAAGACGGCATACGAGAT	GGACGG	GTGACTGGAGTTCAGACGTGTGCTCTTCCGATCT	NNNN	GTGYCAGCMGCCGCGGTAA	CAAGCAGAAGACGGCATACGAGATGGACGGGTGACTGGAGTTCAGACGTGTGCTCTTCCGATCTNNNNGTGYCAGCMGCCGCGGTAA		
515F_IT017	B5	CAAGCAGAAGACGGCATACGAGAT	CTCTAC	GTGACTGGAGTTCAGACGTGTGCTCTTCCGATCT	N	GTGYCAGCMGCCGCGGTAA	CAAGCAGAAGACGGCATACGAGATCTCTACGTGACTGGAGTTCAGACGTGTGCTCTTCCGATCTNGTGYCAGCMGCCGCGGTAA		
515F_IT018	B6	CAAGCAGAAGACGGCATACGAGAT	GCGGAC	GTGACTGGAGTTCAGACGTGTGCTCTTCCGATCT	NN	GTGYCAGCMGCCGCGGTAA	CAAGCAGAAGACGGCATACGAGATGCGGACGTGACTGGAGTTCAGACGTGTGCTCTTCCGATCTNNGTGYCAGCMGCCGCGGTAA		
515F_IT019	B7	CAAGCAGAAGACGGCATACGAGAT	TTTCAC	GTGACTGGAGTTCAGACGTGTGCTCTTCCGATCT	NNN	GTGYCAGCMGCCGCGGTAA	CAAGCAGAAGACGGCATACGAGATTTTCACGTGACTGGAGTTCAGACGTGTGCTCTTCCGATCTNNNGTGYCAGCMGCCGCGGTAA		
515F_IT020	B8	CAAGCAGAAGACGGCATACGAGAT	GGCCAC	GTGACTGGAGTTCAGACGTGTGCTCTTCCGATCT	NNNN	GTGYCAGCMGCCGCGGTAA	CAAGCAGAAGACGGCATACGAGATGGCCACGTGACTGGAGTTCAGACGTGTGCTCTTCCGATCTNNNNGTGYCAGCMGCCGCGGTAA		
515F_IT021	B9	CAAGCAGAAGACGGCATACGAGAT	CGAAAC	GTGACTGGAGTTCAGACGTGTGCTCTTCCGATCT	N	GTGYCAGCMGCCGCGGTAA	CAAGCAGAAGACGGCATACGAGATCGAAACGTGACTGGAGTTCAGACGTGTGCTCTTCCGATCTNGTGYCAGCMGCCGCGGTAA		
515F_IT022	B10	CAAGCAGAAGACGGCATACGAGAT	CGTACG	GTGACTGGAGTTCAGACGTGTGCTCTTCCGATCT	NN	GTGYCAGCMGCCGCGGTAA	CAAGCAGAAGACGGCATACGAGATCGTACGGTGACTGGAGTTCAGACGTGTGCTCTTCCGATCTNNGTGYCAGCMGCCGCGGTAA		
515F_IT023	B11	CAAGCAGAAGACGGCATACGAGAT	CCACTC	GTGACTGGAGTTCAGACGTGTGCTCTTCCGATCT	NNN	GTGYCAGCMGCCGCGGTAA	CAAGCAGAAGACGGCATACGAGATCCACTCGTGACTGGAGTTCAGACGTGTGCTCTTCCGATCTNNNGTGYCAGCMGCCGCGGTAA		
515F_IT024	B12	CAAGCAGAAGACGGCATACGAGAT	GCTACC	GTGACTGGAGTTCAGACGTGTGCTCTTCCGATCT	NNNN	GTGYCAGCMGCCGCGGTAA	CAAGCAGAAGACGGCATACGAGATGCTACCGTGACTGGAGTTCAGACGTGTGCTCTTCCGATCTNNNNGTGYCAGCMGCCGCGGTAA		
515F_IT025	C1	CAAGCAGAAGACGGCATACGAGAT	ATCAGT	GTGACTGGAGTTCAGACGTGTGCTCTTCCGATCT	N	GTGYCAGCMGCCGCGGTAA	CAAGCAGAAGACGGCATACGAGATATCAGTGTGACTGGAGTTCAGACGTGTGCTCTTCCGATCTNGTGYCAGCMGCCGCGGTAA		
515F_IT026	C2	CAAGCAGAAGACGGCATACGAGAT	GCTCAT	GTGACTGGAGTTCAGACGTGTGCTCTTCCGATCT	NN	GTGYCAGCMGCCGCGGTAA	CAAGCAGAAGACGGCATACGAGATGCTCATGTGACTGGAGTTCAGACGTGTGCTCTTCCGATCTNNGTGYCAGCMGCCGCGGTAA		
515F_IT027	C3	CAAGCAGAAGACGGCATACGAGAT	AGGAAT	GTGACTGGAGTTCAGACGTGTGCTCTTCCGATCT	NNN	GTGYCAGCMGCCGCGGTAA	CAAGCAGAAGACGGCATACGAGATAGGAATGTGACTGGAGTTCAGACGTGTGCTCTTCCGATCTNNNGTGYCAGCMGCCGCGGTAA		
515F_IT028	C4	CAAGCAGAAGACGGCATACGAGAT	CTTTTG	GTGACTGGAGTTCAGACGTGTGCTCTTCCGATCT	NNNN	GTGYCAGCMGCCGCGGTAA	CAAGCAGAAGACGGCATACGAGATCTTTTGGTGACTGGAGTTCAGACGTGTGCTCTTCCGATCTNNNNGTGYCAGCMGCCGCGGTAA		
515F_IT029	C5	CAAGCAGAAGACGGCATACGAGAT	TAGTTG	GTGACTGGAGTTCAGACGTGTGCTCTTCCGATCT	N	GTGYCAGCMGCCGCGGTAA	CAAGCAGAAGACGGCATACGAGATTAGTTGGTGACTGGAGTTCAGACGTGTGCTCTTCCGATCTNGTGYCAGCMGCCGCGGTAA		
515F_IT030	C6	CAAGCAGAAGACGGCATACGAGAT	CCGGTG	GTGACTGGAGTTCAGACGTGTGCTCTTCCGATCT	NN	GTGYCAGCMGCCGCGGTAA	CAAGCAGAAGACGGCATACGAGATCCGGTGGTGACTGGAGTTCAGACGTGTGCTCTTCCGATCTNNGTGYCAGCMGCCGCGGTAA		
515F_IT031	C7	CAAGCAGAAGACGGCATACGAGAT	ATCGTG	GTGACTGGAGTTCAGACGTGTGCTCTTCCGATCT	NNN	GTGYCAGCMGCCGCGGTAA	CAAGCAGAAGACGGCATACGAGATATCGTGGTGACTGGAGTTCAGACGTGTGCTCTTCCGATCTNNNGTGYCAGCMGCCGCGGTAA		
515F_IT032	C8	CAAGCAGAAGACGGCATACGAGAT	TGAGTG	GTGACTGGAGTTCAGACGTGTGCTCTTCCGATCT	NNNN	GTGYCAGCMGCCGCGGTAA	CAAGCAGAAGACGGCATACGAGATTGAGTGGTGACTGGAGTTCAGACGTGTGCTCTTCCGATCTNNNNGTGYCAGCMGCCGCGGTAA		
515F_IT033	C9	CAAGCAGAAGACGGCATACGAGAT	CGCCTG	GTGACTGGAGTTCAGACGTGTGCTCTTCCGATCT	N	GTGYCAGCMGCCGCGGTAA	CAAGCAGAAGACGGCATACGAGATCGCCTGGTGACTGGAGTTCAGACGTGTGCTCTTCCGATCTNGTGYCAGCMGCCGCGGTAA		
515F_IT034	C10	CAAGCAGAAGACGGCATACGAGAT	GCCATG	GTGACTGGAGTTCAGACGTGTGCTCTTCCGATCT	NN	GTGYCAGCMGCCGCGGTAA	CAAGCAGAAGACGGCATACGAGATGCCATGGTGACTGGAGTTCAGACGTGTGCTCTTCCGATCTNNGTGYCAGCMGCCGCGGTAA		
515F_IT035	C11	CAAGCAGAAGACGGCATACGAGAT	AAAATG	GTGACTGGAGTTCAGACGTGTGCTCTTCCGATCT	NNN	GTGYCAGCMGCCGCGGTAA	CAAGCAGAAGACGGCATACGAGATAAAATGGTGACTGGAGTTCAGACGTGTGCTCTTCCGATCTNNNGTGYCAGCMGCCGCGGTAA		
515F_IT036	C12	CAAGCAGAAGACGGCATACGAGAT	TGTTGG	GTGACTGGAGTTCAGACGTGTGCTCTTCCGATCT	NNNN	GTGYCAGCMGCCGCGGTAA	CAAGCAGAAGACGGCATACGAGATTGTTGGGTGACTGGAGTTCAGACGTGTGCTCTTCCGATCTNNNNGTGYCAGCMGCCGCGGTAA		
515F_IT037	D1	CAAGCAGAAGACGGCATACGAGAT	ATTCCG	GTGACTGGAGTTCAGACGTGTGCTCTTCCGATCT	N	GTGYCAGCMGCCGCGGTAA	CAAGCAGAAGACGGCATACGAGATATTCCGGTGACTGGAGTTCAGACGTGTGCTCTTCCGATCTNGTGYCAGCMGCCGCGGTAA		
515F_IT038	D2	CAAGCAGAAGACGGCATACGAGAT	AGCTAG	GTGACTGGAGTTCAGACGTGTGCTCTTCCGATCT	NN	GTGYCAGCMGCCGCGGTAA	CAAGCAGAAGACGGCATACGAGATAGCTAGGTGACTGGAGTTCAGACGTGTGCTCTTCCGATCTNNGTGYCAGCMGCCGCGGTAA		
515F_IT039	D3	CAAGCAGAAGACGGCATACGAGAT	GTATAG	GTGACTGGAGTTCAGACGTGTGCTCTTCCGATCT	NNN	GTGYCAGCMGCCGCGGTAA	CAAGCAGAAGACGGCATACGAGATGTATAGGTGACTGGAGTTCAGACGTGTGCTCTTCCGATCTNNNGTGYCAGCMGCCGCGGTAA		
515F_IT040	D4	CAAGCAGAAGACGGCATACGAGAT	TCTGAG	GTGACTGGAGTTCAGACGTGTGCTCTTCCGATCT	NNNN	GTGYCAGCMGCCGCGGTAA	CAAGCAGAAGACGGCATACGAGATTCTGAGGTGACTGGAGTTCAGACGTGTGCTCTTCCGATCTNNNNGTGYCAGCMGCCGCGGTAA		
515F_IT041	D5	CAAGCAGAAGACGGCATACGAGAT	GTCGTC	GTGACTGGAGTTCAGACGTGTGCTCTTCCGATCT	N	GTGYCAGCMGCCGCGGTAA	CAAGCAGAAGACGGCATACGAGATGTCGTCGTGACTGGAGTTCAGACGTGTGCTCTTCCGATCTNGTGYCAGCMGCCGCGGTAA		
515F_IT042	D6	CAAGCAGAAGACGGCATACGAGAT	CGATTA	GTGACTGGAGTTCAGACGTGTGCTCTTCCGATCT	NN	GTGYCAGCMGCCGCGGTAA	CAAGCAGAAGACGGCATACGAGATCGATTAGTGACTGGAGTTCAGACGTGTGCTCTTCCGATCTNNGTGYCAGCMGCCGCGGTAA		
515F_IT043	D7	CAAGCAGAAGACGGCATACGAGAT	GCTGTA	GTGACTGGAGTTCAGACGTGTGCTCTTCCGATCT	NNN	GTGYCAGCMGCCGCGGTAA	CAAGCAGAAGACGGCATACGAGATGCTGTAGTGACTGGAGTTCAGACGTGTGCTCTTCCGATCTNNNGTGYCAGCMGCCGCGGTAA		
515F_IT044	D8	CAAGCAGAAGACGGCATACGAGAT	ATTATA	GTGACTGGAGTTCAGACGTGTGCTCTTCCGATCT	NNNN	GTGYCAGCMGCCGCGGTAA	CAAGCAGAAGACGGCATACGAGATATTATAGTGACTGGAGTTCAGACGTGTGCTCTTCCGATCTNNNNGTGYCAGCMGCCGCGGTAA		
515F_IT045	D9	CAAGCAGAAGACGGCATACGAGAT	GAATGA	GTGACTGGAGTTCAGACGTGTGCTCTTCCGATCT	N	GTGYCAGCMGCCGCGGTAA	CAAGCAGAAGACGGCATACGAGATGAATGAGTGACTGGAGTTCAGACGTGTGCTCTTCCGATCTNGTGYCAGCMGCCGCGGTAA		
515F_IT046	D10	CAAGCAGAAGACGGCATACGAGAT	TCGGGA	GTGACTGGAGTTCAGACGTGTGCTCTTCCGATCT	NN	GTGYCAGCMGCCGCGGTAA	CAAGCAGAAGACGGCATACGAGATTCGGGAGTGACTGGAGTTCAGACGTGTGCTCTTCCGATCTNNGTGYCAGCMGCCGCGGTAA		
515F_IT047	D11	CAAGCAGAAGACGGCATACGAGAT	CTTCGA	GTGACTGGAGTTCAGACGTGTGCTCTTCCGATCT	NNN	GTGYCAGCMGCCGCGGTAA	CAAGCAGAAGACGGCATACGAGATCTTCGAGTGACTGGAGTTCAGACGTGTGCTCTTCCGATCTNNNGTGYCAGCMGCCGCGGTAA		
515F_IT048	D12	CAAGCAGAAGACGGCATACGAGAT	TGCCGA	GTGACTGGAGTTCAGACGTGTGCTCTTCCGATCT	NNNN	GTGYCAGCMGCCGCGGTAA	CAAGCAGAAGACGGCATACGAGATTGCCGAGTGACTGGAGTTCAGACGTGTGCTCTTCCGATCTNNNNGTGYCAGCMGCCGCGGTAA		
515F_IT049	E1	CAAGCAGAAGACGGCATACGAGAT	ATGTTT	GTGACTGGAGTTCAGACGTGTGCTCTTCCGATCT	N	GTGYCAGCMGCCGCGGTAA	CAAGCAGAAGACGGCATACGAGATATGTTTGTGACTGGAGTTCAGACGTGTGCTCTTCCGATCTNGTGYCAGCMGCCGCGGTAA		
515F_IT050	E2	CAAGCAGAAGACGGCATACGAGAT	TGCTTT	GTGACTGGAGTTCAGACGTGTGCTCTTCCGATCT	NN	GTGYCAGCMGCCGCGGTAA	CAAGCAGAAGACGGCATACGAGATTGCTTTGTGACTGGAGTTCAGACGTGTGCTCTTCCGATCTNNGTGYCAGCMGCCGCGGTAA		
515F_IT051	E3	CAAGCAGAAGACGGCATACGAGAT	GCATTT	GTGACTGGAGTTCAGACGTGTGCTCTTCCGATCT	NNN	GTGYCAGCMGCCGCGGTAA	CAAGCAGAAGACGGCATACGAGATGCATTTGTGACTGGAGTTCAGACGTGTGCTCTTCCGATCTNNNGTGYCAGCMGCCGCGGTAA		
515F_IT052	E4	CAAGCAGAAGACGGCATACGAGAT	TTTGTT	GTGACTGGAGTTCAGACGTGTGCTCTTCCGATCT	NNNN	GTGYCAGCMGCCGCGGTAA	CAAGCAGAAGACGGCATACGAGATTTTGTTGTGACTGGAGTTCAGACGTGTGCTCTTCCGATCTNNNNGTGYCAGCMGCCGCGGTAA		
515F_IT053	E5	CAAGCAGAAGACGGCATACGAGAT	CAAGTT	GTGACTGGAGTTCAGACGTGTGCTCTTCCGATCT	N	GTGYCAGCMGCCGCGGTAA	CAAGCAGAAGACGGCATACGAGATCAAGTTGTGACTGGAGTTCAGACGTGTGCTCTTCCGATCTNGTGYCAGCMGCCGCGGTAA		
515F_IT054	E6	CAAGCAGAAGACGGCATACGAGAT	AGTCTT	GTGACTGGAGTTCAGACGTGTGCTCTTCCGATCT	NN	GTGYCAGCMGCCGCGGTAA	CAAGCAGAAGACGGCATACGAGATAGTCTTGTGACTGGAGTTCAGACGTGTGCTCTTCCGATCTNNGTGYCAGCMGCCGCGGTAA		
515F_IT055	E7	CAAGCAGAAGACGGCATACGAGAT	TCGCTT	GTGACTGGAGTTCAGACGTGTGCTCTTCCGATCT	NNN	GTGYCAGCMGCCGCGGTAA	CAAGCAGAAGACGGCATACGAGATTCGCTTGTGACTGGAGTTCAGACGTGTGCTCTTCCGATCTNNNGTGYCAGCMGCCGCGGTAA		
515F_IT056	E8	CAAGCAGAAGACGGCATACGAGAT	GTCCTT	GTGACTGGAGTTCAGACGTGTGCTCTTCCGATCT	NNNN	GTGYCAGCMGCCGCGGTAA	CAAGCAGAAGACGGCATACGAGATGTCCTTGTGACTGGAGTTCAGACGTGTGCTCTTCCGATCTNNNNGTGYCAGCMGCCGCGGTAA		
515F_IT057	E9	CAAGCAGAAGACGGCATACGAGAT	CCTATT	GTGACTGGAGTTCAGACGTGTGCTCTTCCGATCT	N	GTGYCAGCMGCCGCGGTAA	CAAGCAGAAGACGGCATACGAGATCCTATTGTGACTGGAGTTCAGACGTGTGCTCTTCCGATCTNGTGYCAGCMGCCGCGGTAA		
515F_IT058	E10	CAAGCAGAAGACGGCATACGAGAT	GTTTGT	GTGACTGGAGTTCAGACGTGTGCTCTTCCGATCT	NN	GTGYCAGCMGCCGCGGTAA	CAAGCAGAAGACGGCATACGAGATGTTTGTGTGACTGGAGTTCAGACGTGTGCTCTTCCGATCTNNGTGYCAGCMGCCGCGGTAA		
515F_IT059	E11	CAAGCAGAAGACGGCATACGAGAT	AGATGT	GTGACTGGAGTTCAGACGTGTGCTCTTCCGATCT	NNN	GTGYCAGCMGCCGCGGTAA	CAAGCAGAAGACGGCATACGAGATAGATGTGTGACTGGAGTTCAGACGTGTGCTCTTCCGATCTNNNGTGYCAGCMGCCGCGGTAA		
515F_IT060	E12	CAAGCAGAAGACGGCATACGAGAT	CTGGGT	GTGACTGGAGTTCAGACGTGTGCTCTTCCGATCT	NNNN	GTGYCAGCMGCCGCGGTAA	CAAGCAGAAGACGGCATACGAGATCTGGGTGTGACTGGAGTTCAGACGTGTGCTCTTCCGATCTNNNNGTGYCAGCMGCCGCGGTAA		
515F_IT061	F1	CAAGCAGAAGACGGCATACGAGAT	GCCGGT	GTGACTGGAGTTCAGACGTGTGCTCTTCCGATCT	N	GTGYCAGCMGCCGCGGTAA	CAAGCAGAAGACGGCATACGAGATGCCGGTGTGACTGGAGTTCAGACGTGTGCTCTTCCGATCTNGTGYCAGCMGCCGCGGTAA		
515F_IT062	F2	CAAGCAGAAGACGGCATACGAGAT	TATCGT	GTGACTGGAGTTCAGACGTGTGCTCTTCCGATCT	NN	GTGYCAGCMGCCGCGGTAA	CAAGCAGAAGACGGCATACGAGATTATCGTGTGACTGGAGTTCAGACGTGTGCTCTTCCGATCTNNGTGYCAGCMGCCGCGGTAA		
515F_IT063	F3	CAAGCAGAAGACGGCATACGAGAT	GAGAGT	GTGACTGGAGTTCAGACGTGTGCTCTTCCGATCT	NNN	GTGYCAGCMGCCGCGGTAA	CAAGCAGAAGACGGCATACGAGATGAGAGTGTGACTGGAGTTCAGACGTGTGCTCTTCCGATCTNNNGTGYCAGCMGCCGCGGTAA		
515F_IT064	F4	CAAGCAGAAGACGGCATACGAGAT	TCTTCT	GTGACTGGAGTTCAGACGTGTGCTCTTCCGATCT	NNNN	GTGYCAGCMGCCGCGGTAA	CAAGCAGAAGACGGCATACGAGATTCTTCTGTGACTGGAGTTCAGACGTGTGCTCTTCCGATCTNNNNGTGYCAGCMGCCGCGGTAA		
515F_IT065	F5	CAAGCAGAAGACGGCATACGAGAT	CTATCT	GTGACTGGAGTTCAGACGTGTGCTCTTCCGATCT	N	GTGYCAGCMGCCGCGGTAA	CAAGCAGAAGACGGCATACGAGATCTATCTGTGACTGGAGTTCAGACGTGTGCTCTTCCGATCTNGTGYCAGCMGCCGCGGTAA		
515F_IT066	F6	CAAGCAGAAGACGGCATACGAGAT	GATGCT	GTGACTGGAGTTCAGACGTGTGCTCTTCCGATCT	NN	GTGYCAGCMGCCGCGGTAA	CAAGCAGAAGACGGCATACGAGATGATGCTGTGACTGGAGTTCAGACGTGTGCTCTTCCGATCTNNGTGYCAGCMGCCGCGGTAA		
515F_IT067	F7	CAAGCAGAAGACGGCATACGAGAT	AGCGCT	GTGACTGGAGTTCAGACGTGTGCTCTTCCGATCT	NNN	GTGYCAGCMGCCGCGGTAA	CAAGCAGAAGACGGCATACGAGATAGCGCTGTGACTGGAGTTCAGACGTGTGCTCTTCCGATCTNNNGTGYCAGCMGCCGCGGTAA		
515F_IT068	F8	CAAGCAGAAGACGGCATACGAGAT	CGGCCT	GTGACTGGAGTTCAGACGTGTGCTCTTCCGATCT	NNNN	GTGYCAGCMGCCGCGGTAA	CAAGCAGAAGACGGCATACGAGATCGGCCTGTGACTGGAGTTCAGACGTGTGCTCTTCCGATCTNNNNGTGYCAGCMGCCGCGGTAA		
515F_IT069	F9	CAAGCAGAAGACGGCATACGAGAT	CCGTAT	GTGACTGGAGTTCAGACGTGTGCTCTTCCGATCT	N	GTGYCAGCMGCCGCGGTAA	CAAGCAGAAGACGGCATACGAGATCCGTATGTGACTGGAGTTCAGACGTGTGCTCTTCCGATCTNGTGYCAGCMGCCGCGGTAA		
515F_IT070	F10	CAAGCAGAAGACGGCATACGAGAT	TAGGAT	GTGACTGGAGTTCAGACGTGTGCTCTTCCGATCT	NN	GTGYCAGCMGCCGCGGTAA	CAAGCAGAAGACGGCATACGAGATTAGGATGTGACTGGAGTTCAGACGTGTGCTCTTCCGATCTNNGTGYCAGCMGCCGCGGTAA		
515F_IT071	F11	CAAGCAGAAGACGGCATACGAGAT	ATAGAT	GTGACTGGAGTTCAGACGTGTGCTCTTCCGATCT	NNN	GTGYCAGCMGCCGCGGTAA	CAAGCAGAAGACGGCATACGAGATATAGATGTGACTGGAGTTCAGACGTGTGCTCTTCCGATCTNNNGTGYCAGCMGCCGCGGTAA		
515F_IT072	F12	CAAGCAGAAGACGGCATACGAGAT	GCGTGG	GTGACTGGAGTTCAGACGTGTGCTCTTCCGATCT	NNNN	GTGYCAGCMGCCGCGGTAA	CAAGCAGAAGACGGCATACGAGATGCGTGGGTGACTGGAGTTCAGACGTGTGCTCTTCCGATCTNNNNGTGYCAGCMGCCGCGGTAA		
515F_IT073	G1	CAAGCAGAAGACGGCATACGAGAT	CATGGG	GTGACTGGAGTTCAGACGTGTGCTCTTCCGATCT	N	GTGYCAGCMGCCGCGGTAA	CAAGCAGAAGACGGCATACGAGATCATGGGGTGACTGGAGTTCAGACGTGTGCTCTTCCGATCTNGTGYCAGCMGCCGCGGTAA		
515F_IT074	G2	CAAGCAGAAGACGGCATACGAGAT	TTGCGG	GTGACTGGAGTTCAGACGTGTGCTCTTCCGATCT	NN	GTGYCAGCMGCCGCGGTAA	CAAGCAGAAGACGGCATACGAGATTTGCGGGTGACTGGAGTTCAGACGTGTGCTCTTCCGATCTNNGTGYCAGCMGCCGCGGTAA		
515F_IT075	G3	CAAGCAGAAGACGGCATACGAGAT	CTAAGG	GTGACTGGAGTTCAGACGTGTGCTCTTCCGATCT	NNN	GTGYCAGCMGCCGCGGTAA	CAAGCAGAAGACGGCATACGAGATCTAAGGGTGACTGGAGTTCAGACGTGTGCTCTTCCGATCTNNNGTGYCAGCMGCCGCGGTAA		
515F_IT076	G4	CAAGCAGAAGACGGCATACGAGAT	TTCTCG	GTGACTGGAGTTCAGACGTGTGCTCTTCCGATCT	NNNN	GTGYCAGCMGCCGCGGTAA	CAAGCAGAAGACGGCATACGAGATTTCTCGGTGACTGGAGTTCAGACGTGTGCTCTTCCGATCTNNNNGTGYCAGCMGCCGCGGTAA		
515F_IT077	G5	CAAGCAGAAGACGGCATACGAGAT	CAGCAG	GTGACTGGAGTTCAGACGTGTGCTCTTCCGATCT	N	GTGYCAGCMGCCGCGGTAA	CAAGCAGAAGACGGCATACGAGATCAGCAGGTGACTGGAGTTCAGACGTGTGCTCTTCCGATCTNGTGYCAGCMGCCGCGGTAA		
515F_IT078	G6	CAAGCAGAAGACGGCATACGAGAT	GGTTTC	GTGACTGGAGTTCAGACGTGTGCTCTTCCGATCT	NN	GTGYCAGCMGCCGCGGTAA	CAAGCAGAAGACGGCATACGAGATGGTTTCGTGACTGGAGTTCAGACGTGTGCTCTTCCGATCTNNGTGYCAGCMGCCGCGGTAA		
515F_IT079	G7	CAAGCAGAAGACGGCATACGAGAT	TTATTC	GTGACTGGAGTTCAGACGTGTGCTCTTCCGATCT	NNN	GTGYCAGCMGCCGCGGTAA	CAAGCAGAAGACGGCATACGAGATTTATTCGTGACTGGAGTTCAGACGTGTGCTCTTCCGATCTNNNGTGYCAGCMGCCGCGGTAA		
515F_IT080	G8	CAAGCAGAAGACGGCATACGAGAT	TCCGTC	GTGACTGGAGTTCAGACGTGTGCTCTTCCGATCT	NNNN	GTGYCAGCMGCCGCGGTAA	CAAGCAGAAGACGGCATACGAGATTCCGTCGTGACTGGAGTTCAGACGTGTGCTCTTCCGATCTNNNNGTGYCAGCMGCCGCGGTAA		
515F_IT081	G9	CAAGCAGAAGACGGCATACGAGAT	TATATC	GTGACTGGAGTTCAGACGTGTGCTCTTCCGATCT	N	GTGYCAGCMGCCGCGGTAA	CAAGCAGAAGACGGCATACGAGATTATATCGTGACTGGAGTTCAGACGTGTGCTCTTCCGATCTNGTGYCAGCMGCCGCGGTAA		
515F_IT082	G10	CAAGCAGAAGACGGCATACGAGAT	AGCATC	GTGACTGGAGTTCAGACGTGTGCTCTTCCGATCT	NN	GTGYCAGCMGCCGCGGTAA	CAAGCAGAAGACGGCATACGAGATAGCATCGTGACTGGAGTTCAGACGTGTGCTCTTCCGATCTNNGTGYCAGCMGCCGCGGTAA		
515F_IT083	G11	CAAGCAGAAGACGGCATACGAGAT	CCTTGC	GTGACTGGAGTTCAGACGTGTGCTCTTCCGATCT	NNN	GTGYCAGCMGCCGCGGTAA	CAAGCAGAAGACGGCATACGAGATCCTTGCGTGACTGGAGTTCAGACGTGTGCTCTTCCGATCTNNNGTGYCAGCMGCCGCGGTAA		
515F_IT084	G12	CAAGCAGAAGACGGCATACGAGAT	AAGTGC	GTGACTGGAGTTCAGACGTGTGCTCTTCCGATCT	NNNN	GTGYCAGCMGCCGCGGTAA	CAAGCAGAAGACGGCATACGAGATAAGTGCGTGACTGGAGTTCAGACGTGTGCTCTTCCGATCTNNNNGTGYCAGCMGCCGCGGTAA		
515F_IT085	H1	CAAGCAGAAGACGGCATACGAGAT	TAAGGC	GTGACTGGAGTTCAGACGTGTGCTCTTCCGATCT	N	GTGYCAGCMGCCGCGGTAA	CAAGCAGAAGACGGCATACGAGATTAAGGCGTGACTGGAGTTCAGACGTGTGCTCTTCCGATCTNGTGYCAGCMGCCGCGGTAA		
515F_IT086	H2	CAAGCAGAAGACGGCATACGAGAT	TGGAGC	GTGACTGGAGTTCAGACGTGTGCTCTTCCGATCT	NN	GTGYCAGCMGCCGCGGTAA	CAAGCAGAAGACGGCATACGAGATTGGAGCGTGACTGGAGTTCAGACGTGTGCTCTTCCGATCTNNGTGYCAGCMGCCGCGGTAA		
515F_IT087	H3	CAAGCAGAAGACGGCATACGAGAT	TGTGCC	GTGACTGGAGTTCAGACGTGTGCTCTTCCGATCT	NNN	GTGYCAGCMGCCGCGGTAA	CAAGCAGAAGACGGCATACGAGATTGTGCCGTGACTGGAGTTCAGACGTGTGCTCTTCCGATCTNNNGTGYCAGCMGCCGCGGTAA		
515F_IT088	H4	CAAGCAGAAGACGGCATACGAGAT	CAGGCC	GTGACTGGAGTTCAGACGTGTGCTCTTCCGATCT	NNNN	GTGYCAGCMGCCGCGGTAA	CAAGCAGAAGACGGCATACGAGATCAGGCCGTGACTGGAGTTCAGACGTGTGCTCTTCCGATCTNNNNGTGYCAGCMGCCGCGGTAA		
515F_IT089	H5	CAAGCAGAAGACGGCATACGAGAT	GGTAGA	GTGACTGGAGTTCAGACGTGTGCTCTTCCGATCT	N	GTGYCAGCMGCCGCGGTAA	CAAGCAGAAGACGGCATACGAGATGGTAGAGTGACTGGAGTTCAGACGTGTGCTCTTCCGATCTNGTGYCAGCMGCCGCGGTAA		
515F_IT090	H6	CAAGCAGAAGACGGCATACGAGAT	CATTCA	GTGACTGGAGTTCAGACGTGTGCTCTTCCGATCT	NN	GTGYCAGCMGCCGCGGTAA	CAAGCAGAAGACGGCATACGAGATCATTCAGTGACTGGAGTTCAGACGTGTGCTCTTCCGATCTNNGTGYCAGCMGCCGCGGTAA		
515F_IT091	H7	CAAGCAGAAGACGGCATACGAGAT	ATGGCA	GTGACTGGAGTTCAGACGTGTGCTCTTCCGATCT	NNN	GTGYCAGCMGCCGCGGTAA	CAAGCAGAAGACGGCATACGAGATATGGCAGTGACTGGAGTTCAGACGTGTGCTCTTCCGATCTNNNGTGYCAGCMGCCGCGGTAA		
515F_IT092	H8	CAAGCAGAAGACGGCATACGAGAT	CCAGCA	GTGACTGGAGTTCAGACGTGTGCTCTTCCGATCT	NNNN	GTGYCAGCMGCCGCGGTAA	CAAGCAGAAGACGGCATACGAGATCCAGCAGTGACTGGAGTTCAGACGTGTGCTCTTCCGATCTNNNNGTGYCAGCMGCCGCGGTAA		
515F_IT093	H9	CAAGCAGAAGACGGCATACGAGAT	GCGCCA	GTGACTGGAGTTCAGACGTGTGCTCTTCCGATCT	N	GTGYCAGCMGCCGCGGTAA	CAAGCAGAAGACGGCATACGAGATGCGCCAGTGACTGGAGTTCAGACGTGTGCTCTTCCGATCTNGTGYCAGCMGCCGCGGTAA		
515F_IT094	H10	CAAGCAGAAGACGGCATACGAGAT	TTCGAA	GTGACTGGAGTTCAGACGTGTGCTCTTCCGATCT	NN	GTGYCAGCMGCCGCGGTAA	CAAGCAGAAGACGGCATACGAGATTTCGAAGTGACTGGAGTTCAGACGTGTGCTCTTCCGATCTNNGTGYCAGCMGCCGCGGTAA		
515F_IT095	H11	CAAGCAGAAGACGGCATACGAGAT	GGAGAA	GTGACTGGAGTTCAGACGTGTGCTCTTCCGATCT	NNN	GTGYCAGCMGCCGCGGTAA	CAAGCAGAAGACGGCATACGAGATGGAGAAGTGACTGGAGTTCAGACGTGTGCTCTTCCGATCTNNNGTGYCAGCMGCCGCGGTAA		
515F_IT096	H12	CAAGCAGAAGACGGCATACGAGAT	AAACCT	GTGACTGGAGTTCAGACGTGTGCTCTTCCGATCT	NNNN	GTGYCAGCMGCCGCGGTAA	CAAGCAGAAGACGGCATACGAGATAAACCTGTGACTGGAGTTCAGACGTGTGCTCTTCCGATCTNNNNGTGYCAGCMGCCGCGGTAA		