primer_name	Microplate well position	P5 adapter	Ns	inline_index	begin	primer_seq
806R_inline1	A1	AATGATACGGCGACCACCGAGATCTACACTCTTTCCCTACACGACGCTCTTCCGATCT	N	ACTGCGAA	GGACTACNVGGGTWTCTAAT	AATGATACGGCGACCACCGAGATCTACACTCTTTCCCTACACGACGCTCTTCCGATCTNACTGCGAAGGACTACNVGGGTWTCTAAT
806R_inline2	A2	AATGATACGGCGACCACCGAGATCTACACTCTTTCCCTACACGACGCTCTTCCGATCT	NN	TAGTCTCG	GGACTACNVGGGTWTCTAAT	AATGATACGGCGACCACCGAGATCTACACTCTTTCCCTACACGACGCTCTTCCGATCTNNTAGTCTCGGGACTACNVGGGTWTCTAAT
806R_inline3	A3	AATGATACGGCGACCACCGAGATCTACACTCTTTCCCTACACGACGCTCTTCCGATCT	NNN	TGAGCTGT	GGACTACNVGGGTWTCTAAT	AATGATACGGCGACCACCGAGATCTACACTCTTTCCCTACACGACGCTCTTCCGATCTNNNTGAGCTGTGGACTACNVGGGTWTCTAAT
806R_inline4	A4	AATGATACGGCGACCACCGAGATCTACACTCTTTCCCTACACGACGCTCTTCCGATCT	NNNN	AGTATGCC	GGACTACNVGGGTWTCTAAT	AATGATACGGCGACCACCGAGATCTACACTCTTTCCCTACACGACGCTCTTCCGATCTNNNNAGTATGCCGGACTACNVGGGTWTCTAAT
806R_inline5	A5	AATGATACGGCGACCACCGAGATCTACACTCTTTCCCTACACGACGCTCTTCCGATCT	N	TGGTGAAG	GGACTACNVGGGTWTCTAAT	AATGATACGGCGACCACCGAGATCTACACTCTTTCCCTACACGACGCTCTTCCGATCTNTGGTGAAGGGACTACNVGGGTWTCTAAT
806R_inline6	A6	AATGATACGGCGACCACCGAGATCTACACTCTTTCCCTACACGACGCTCTTCCGATCT	NN	TACTGCTC	GGACTACNVGGGTWTCTAAT	AATGATACGGCGACCACCGAGATCTACACTCTTTCCCTACACGACGCTCTTCCGATCTNNTACTGCTCGGACTACNVGGGTWTCTAAT
806R_inline7	A7	AATGATACGGCGACCACCGAGATCTACACTCTTTCCCTACACGACGCTCTTCCGATCT	NNN	ACTCCTAC	GGACTACNVGGGTWTCTAAT	AATGATACGGCGACCACCGAGATCTACACTCTTTCCCTACACGACGCTCTTCCGATCTNNNACTCCTACGGACTACNVGGGTWTCTAAT
806R_inline8	A8	AATGATACGGCGACCACCGAGATCTACACTCTTTCCCTACACGACGCTCTTCCGATCT	NNNN	TACTCCAG	GGACTACNVGGGTWTCTAAT	AATGATACGGCGACCACCGAGATCTACACTCTTTCCCTACACGACGCTCTTCCGATCTNNNNTACTCCAGGGACTACNVGGGTWTCTAAT
806R_inline9	A9	AATGATACGGCGACCACCGAGATCTACACTCTTTCCCTACACGACGCTCTTCCGATCT	N	TCACCTAG	GGACTACNVGGGTWTCTAAT	AATGATACGGCGACCACCGAGATCTACACTCTTTCCCTACACGACGCTCTTCCGATCTNTCACCTAGGGACTACNVGGGTWTCTAAT
806R_inline10	A10	AATGATACGGCGACCACCGAGATCTACACTCTTTCCCTACACGACGCTCTTCCGATCT	NN	GATCTTGC	GGACTACNVGGGTWTCTAAT	AATGATACGGCGACCACCGAGATCTACACTCTTTCCCTACACGACGCTCTTCCGATCTNNGATCTTGCGGACTACNVGGGTWTCTAAT
806R_inline11	A11	AATGATACGGCGACCACCGAGATCTACACTCTTTCCCTACACGACGCTCTTCCGATCT	NNN	AAGCCTGA	GGACTACNVGGGTWTCTAAT	AATGATACGGCGACCACCGAGATCTACACTCTTTCCCTACACGACGCTCTTCCGATCTNNNAAGCCTGAGGACTACNVGGGTWTCTAAT
806R_inline12	A12	AATGATACGGCGACCACCGAGATCTACACTCTTTCCCTACACGACGCTCTTCCGATCT	NNNN	AGTACACG	GGACTACNVGGGTWTCTAAT	AATGATACGGCGACCACCGAGATCTACACTCTTTCCCTACACGACGCTCTTCCGATCTNNNNAGTACACGGGACTACNVGGGTWTCTAAT
806R_inline13	B1	AATGATACGGCGACCACCGAGATCTACACTCTTTCCCTACACGACGCTCTTCCGATCT	N	CGACACTT	GGACTACNVGGGTWTCTAAT	AATGATACGGCGACCACCGAGATCTACACTCTTTCCCTACACGACGCTCTTCCGATCTNCGACACTTGGACTACNVGGGTWTCTAAT
806R_inline14	B2	AATGATACGGCGACCACCGAGATCTACACTCTTTCCCTACACGACGCTCTTCCGATCT	NN	CTCACCAA	GGACTACNVGGGTWTCTAAT	AATGATACGGCGACCACCGAGATCTACACTCTTTCCCTACACGACGCTCTTCCGATCTNNCTCACCAAGGACTACNVGGGTWTCTAAT
806R_inline15	B3	AATGATACGGCGACCACCGAGATCTACACTCTTTCCCTACACGACGCTCTTCCGATCT	NNN	AACCAGAG	GGACTACNVGGGTWTCTAAT	AATGATACGGCGACCACCGAGATCTACACTCTTTCCCTACACGACGCTCTTCCGATCTNNNAACCAGAGGGACTACNVGGGTWTCTAAT
806R_inline16	B4	AATGATACGGCGACCACCGAGATCTACACTCTTTCCCTACACGACGCTCTTCCGATCT	NNNN	GCGTATCA	GGACTACNVGGGTWTCTAAT	AATGATACGGCGACCACCGAGATCTACACTCTTTCCCTACACGACGCTCTTCCGATCTNNNNGCGTATCAGGACTACNVGGGTWTCTAAT
806R_inline17	B5	AATGATACGGCGACCACCGAGATCTACACTCTTTCCCTACACGACGCTCTTCCGATCT	N	AATGACGC	GGACTACNVGGGTWTCTAAT	AATGATACGGCGACCACCGAGATCTACACTCTTTCCCTACACGACGCTCTTCCGATCTNAATGACGCGGACTACNVGGGTWTCTAAT
806R_inline18	B6	AATGATACGGCGACCACCGAGATCTACACTCTTTCCCTACACGACGCTCTTCCGATCT	NN	CCACAACA	GGACTACNVGGGTWTCTAAT	AATGATACGGCGACCACCGAGATCTACACTCTTTCCCTACACGACGCTCTTCCGATCTNNCCACAACAGGACTACNVGGGTWTCTAAT
806R_inline19	B7	AATGATACGGCGACCACCGAGATCTACACTCTTTCCCTACACGACGCTCTTCCGATCT	NNN	GTATTCCG	GGACTACNVGGGTWTCTAAT	AATGATACGGCGACCACCGAGATCTACACTCTTTCCCTACACGACGCTCTTCCGATCTNNNGTATTCCGGGACTACNVGGGTWTCTAAT
806R_inline20	B8	AATGATACGGCGACCACCGAGATCTACACTCTTTCCCTACACGACGCTCTTCCGATCT	NNNN	AGGTAGGA	GGACTACNVGGGTWTCTAAT	AATGATACGGCGACCACCGAGATCTACACTCTTTCCCTACACGACGCTCTTCCGATCTNNNNAGGTAGGAGGACTACNVGGGTWTCTAAT
806R_inline21	B9	AATGATACGGCGACCACCGAGATCTACACTCTTTCCCTACACGACGCTCTTCCGATCT	N	ACGAGAAC	GGACTACNVGGGTWTCTAAT	AATGATACGGCGACCACCGAGATCTACACTCTTTCCCTACACGACGCTCTTCCGATCTNACGAGAACGGACTACNVGGGTWTCTAAT
806R_inline22	B10	AATGATACGGCGACCACCGAGATCTACACTCTTTCCCTACACGACGCTCTTCCGATCT	NN	TGACAACC	GGACTACNVGGGTWTCTAAT	AATGATACGGCGACCACCGAGATCTACACTCTTTCCCTACACGACGCTCTTCCGATCTNNTGACAACCGGACTACNVGGGTWTCTAAT
806R_inline23	B11	AATGATACGGCGACCACCGAGATCTACACTCTTTCCCTACACGACGCTCTTCCGATCT	NNN	CTTAGGAC	GGACTACNVGGGTWTCTAAT	AATGATACGGCGACCACCGAGATCTACACTCTTTCCCTACACGACGCTCTTCCGATCTNNNCTTAGGACGGACTACNVGGGTWTCTAAT
806R_inline24	B12	AATGATACGGCGACCACCGAGATCTACACTCTTTCCCTACACGACGCTCTTCCGATCT	NNNN	CCGCTTAA	GGACTACNVGGGTWTCTAAT	AATGATACGGCGACCACCGAGATCTACACTCTTTCCCTACACGACGCTCTTCCGATCTNNNNCCGCTTAAGGACTACNVGGGTWTCTAAT
806R_inline25	C1	AATGATACGGCGACCACCGAGATCTACACTCTTTCCCTACACGACGCTCTTCCGATCT	N	TACAGAGC	GGACTACNVGGGTWTCTAAT	AATGATACGGCGACCACCGAGATCTACACTCTTTCCCTACACGACGCTCTTCCGATCTNTACAGAGCGGACTACNVGGGTWTCTAAT
806R_inline26	C2	AATGATACGGCGACCACCGAGATCTACACTCTTTCCCTACACGACGCTCTTCCGATCT	NN	AAGCGTTC	GGACTACNVGGGTWTCTAAT	AATGATACGGCGACCACCGAGATCTACACTCTTTCCCTACACGACGCTCTTCCGATCTNNAAGCGTTCGGACTACNVGGGTWTCTAAT
806R_inline27	C3	AATGATACGGCGACCACCGAGATCTACACTCTTTCCCTACACGACGCTCTTCCGATCT	NNN	AGTGACCT	GGACTACNVGGGTWTCTAAT	AATGATACGGCGACCACCGAGATCTACACTCTTTCCCTACACGACGCTCTTCCGATCTNNNAGTGACCTGGACTACNVGGGTWTCTAAT
806R_inline28	C4	AATGATACGGCGACCACCGAGATCTACACTCTTTCCCTACACGACGCTCTTCCGATCT	NNNN	ACCATAGG	GGACTACNVGGGTWTCTAAT	AATGATACGGCGACCACCGAGATCTACACTCTTTCCCTACACGACGCTCTTCCGATCTNNNNACCATAGGGGACTACNVGGGTWTCTAAT
806R_inline29	C5	AATGATACGGCGACCACCGAGATCTACACTCTTTCCCTACACGACGCTCTTCCGATCT	N	CTCGAACA	GGACTACNVGGGTWTCTAAT	AATGATACGGCGACCACCGAGATCTACACTCTTTCCCTACACGACGCTCTTCCGATCTNCTCGAACAGGACTACNVGGGTWTCTAAT
806R_inline30	C6	AATGATACGGCGACCACCGAGATCTACACTCTTTCCCTACACGACGCTCTTCCGATCT	NN	TGCGTAAC	GGACTACNVGGGTWTCTAAT	AATGATACGGCGACCACCGAGATCTACACTCTTTCCCTACACGACGCTCTTCCGATCTNNTGCGTAACGGACTACNVGGGTWTCTAAT
806R_inline31	C7	AATGATACGGCGACCACCGAGATCTACACTCTTTCCCTACACGACGCTCTTCCGATCT	NNN	AACAGTCC	GGACTACNVGGGTWTCTAAT	AATGATACGGCGACCACCGAGATCTACACTCTTTCCCTACACGACGCTCTTCCGATCTNNNAACAGTCCGGACTACNVGGGTWTCTAAT
806R_inline32	C8	AATGATACGGCGACCACCGAGATCTACACTCTTTCCCTACACGACGCTCTTCCGATCT	NNNN	CTAAGACC	GGACTACNVGGGTWTCTAAT	AATGATACGGCGACCACCGAGATCTACACTCTTTCCCTACACGACGCTCTTCCGATCTNNNNCTAAGACCGGACTACNVGGGTWTCTAAT
806R_inline33	C9	AATGATACGGCGACCACCGAGATCTACACTCTTTCCCTACACGACGCTCTTCCGATCT	N	CATCTGCT	GGACTACNVGGGTWTCTAAT	AATGATACGGCGACCACCGAGATCTACACTCTTTCCCTACACGACGCTCTTCCGATCTNCATCTGCTGGACTACNVGGGTWTCTAAT
806R_inline34	C10	AATGATACGGCGACCACCGAGATCTACACTCTTTCCCTACACGACGCTCTTCCGATCT	NN	AGGTGTTG	GGACTACNVGGGTWTCTAAT	AATGATACGGCGACCACCGAGATCTACACTCTTTCCCTACACGACGCTCTTCCGATCTNNAGGTGTTGGGACTACNVGGGTWTCTAAT
806R_inline35	C11	AATGATACGGCGACCACCGAGATCTACACTCTTTCCCTACACGACGCTCTTCCGATCT	NNN	GCCTTCTT	GGACTACNVGGGTWTCTAAT	AATGATACGGCGACCACCGAGATCTACACTCTTTCCCTACACGACGCTCTTCCGATCTNNNGCCTTCTTGGACTACNVGGGTWTCTAAT
806R_inline36	C12	AATGATACGGCGACCACCGAGATCTACACTCTTTCCCTACACGACGCTCTTCCGATCT	NNNN	TGCTCTAC	GGACTACNVGGGTWTCTAAT	AATGATACGGCGACCACCGAGATCTACACTCTTTCCCTACACGACGCTCTTCCGATCTNNNNTGCTCTACGGACTACNVGGGTWTCTAAT
806R_inline37	D1	AATGATACGGCGACCACCGAGATCTACACTCTTTCCCTACACGACGCTCTTCCGATCT	N	GTACCACA	GGACTACNVGGGTWTCTAAT	AATGATACGGCGACCACCGAGATCTACACTCTTTCCCTACACGACGCTCTTCCGATCTNGTACCACAGGACTACNVGGGTWTCTAAT
806R_inline38	D2	AATGATACGGCGACCACCGAGATCTACACTCTTTCCCTACACGACGCTCTTCCGATCT	NN	GCATTGGT	GGACTACNVGGGTWTCTAAT	AATGATACGGCGACCACCGAGATCTACACTCTTTCCCTACACGACGCTCTTCCGATCTNNGCATTGGTGGACTACNVGGGTWTCTAAT
806R_inline39	D3	AATGATACGGCGACCACCGAGATCTACACTCTTTCCCTACACGACGCTCTTCCGATCT	NNN	CTGTGGTA	GGACTACNVGGGTWTCTAAT	AATGATACGGCGACCACCGAGATCTACACTCTTTCCCTACACGACGCTCTTCCGATCTNNNCTGTGGTAGGACTACNVGGGTWTCTAAT
806R_inline40	D4	AATGATACGGCGACCACCGAGATCTACACTCTTTCCCTACACGACGCTCTTCCGATCT	NNNN	TTACCGAC	GGACTACNVGGGTWTCTAAT	AATGATACGGCGACCACCGAGATCTACACTCTTTCCCTACACGACGCTCTTCCGATCTNNNNTTACCGACGGACTACNVGGGTWTCTAAT
806R_inline41	D5	AATGATACGGCGACCACCGAGATCTACACTCTTTCCCTACACGACGCTCTTCCGATCT	N	GCAACCAT	GGACTACNVGGGTWTCTAAT	AATGATACGGCGACCACCGAGATCTACACTCTTTCCCTACACGACGCTCTTCCGATCTNGCAACCATGGACTACNVGGGTWTCTAAT
806R_inline42	D6	AATGATACGGCGACCACCGAGATCTACACTCTTTCCCTACACGACGCTCTTCCGATCT	NN	ACAACGTG	GGACTACNVGGGTWTCTAAT	AATGATACGGCGACCACCGAGATCTACACTCTTTCCCTACACGACGCTCTTCCGATCTNNACAACGTGGGACTACNVGGGTWTCTAAT
806R_inline43	D7	AATGATACGGCGACCACCGAGATCTACACTCTTTCCCTACACGACGCTCTTCCGATCT	NNN	CCACTAAG	GGACTACNVGGGTWTCTAAT	AATGATACGGCGACCACCGAGATCTACACTCTTTCCCTACACGACGCTCTTCCGATCTNNNCCACTAAGGGACTACNVGGGTWTCTAAT
806R_inline44	D8	AATGATACGGCGACCACCGAGATCTACACTCTTTCCCTACACGACGCTCTTCCGATCT	NNNN	TTAGGCGT	GGACTACNVGGGTWTCTAAT	AATGATACGGCGACCACCGAGATCTACACTCTTTCCCTACACGACGCTCTTCCGATCTNNNNTTAGGCGTGGACTACNVGGGTWTCTAAT
806R_inline45	D9	AATGATACGGCGACCACCGAGATCTACACTCTTTCCCTACACGACGCTCTTCCGATCT	N	TGTCACAC	GGACTACNVGGGTWTCTAAT	AATGATACGGCGACCACCGAGATCTACACTCTTTCCCTACACGACGCTCTTCCGATCTNTGTCACACGGACTACNVGGGTWTCTAAT
806R_inline46	D10	AATGATACGGCGACCACCGAGATCTACACTCTTTCCCTACACGACGCTCTTCCGATCT	NN	GACACAGT	GGACTACNVGGGTWTCTAAT	AATGATACGGCGACCACCGAGATCTACACTCTTTCCCTACACGACGCTCTTCCGATCTNNGACACAGTGGACTACNVGGGTWTCTAAT
806R_inline47	D11	AATGATACGGCGACCACCGAGATCTACACTCTTTCCCTACACGACGCTCTTCCGATCT	NNN	GTGGTATG	GGACTACNVGGGTWTCTAAT	AATGATACGGCGACCACCGAGATCTACACTCTTTCCCTACACGACGCTCTTCCGATCTNNNGTGGTATGGGACTACNVGGGTWTCTAAT
806R_inline48	D12	AATGATACGGCGACCACCGAGATCTACACTCTTTCCCTACACGACGCTCTTCCGATCT	NNNN	ATGCGCTT	GGACTACNVGGGTWTCTAAT	AATGATACGGCGACCACCGAGATCTACACTCTTTCCCTACACGACGCTCTTCCGATCTNNNNATGCGCTTGGACTACNVGGGTWTCTAAT
806R_inline49	E1	AATGATACGGCGACCACCGAGATCTACACTCTTTCCCTACACGACGCTCTTCCGATCT	N	AGGAACAC	GGACTACNVGGGTWTCTAAT	AATGATACGGCGACCACCGAGATCTACACTCTTTCCCTACACGACGCTCTTCCGATCTNAGGAACACGGACTACNVGGGTWTCTAAT
806R_inline50	E2	AATGATACGGCGACCACCGAGATCTACACTCTTTCCCTACACGACGCTCTTCCGATCT	NN	TGGAAGCA	GGACTACNVGGGTWTCTAAT	AATGATACGGCGACCACCGAGATCTACACTCTTTCCCTACACGACGCTCTTCCGATCTNNTGGAAGCAGGACTACNVGGGTWTCTAAT
806R_inline51	E3	AATGATACGGCGACCACCGAGATCTACACTCTTTCCCTACACGACGCTCTTCCGATCT	NNN	GTCGTTAC	GGACTACNVGGGTWTCTAAT	AATGATACGGCGACCACCGAGATCTACACTCTTTCCCTACACGACGCTCTTCCGATCTNNNGTCGTTACGGACTACNVGGGTWTCTAAT
806R_inline52	E4	AATGATACGGCGACCACCGAGATCTACACTCTTTCCCTACACGACGCTCTTCCGATCT	NNNN	GAACCTTC	GGACTACNVGGGTWTCTAAT	AATGATACGGCGACCACCGAGATCTACACTCTTTCCCTACACGACGCTCTTCCGATCTNNNNGAACCTTCGGACTACNVGGGTWTCTAAT
806R_inline53	E5	AATGATACGGCGACCACCGAGATCTACACTCTTTCCCTACACGACGCTCTTCCGATCT	N	TATGACCG	GGACTACNVGGGTWTCTAAT	AATGATACGGCGACCACCGAGATCTACACTCTTTCCCTACACGACGCTCTTCCGATCTNTATGACCGGGACTACNVGGGTWTCTAAT
806R_inline54	E6	AATGATACGGCGACCACCGAGATCTACACTCTTTCCCTACACGACGCTCTTCCGATCT	NN	AACGCACA	GGACTACNVGGGTWTCTAAT	AATGATACGGCGACCACCGAGATCTACACTCTTTCCCTACACGACGCTCTTCCGATCTNNAACGCACAGGACTACNVGGGTWTCTAAT
806R_inline55	E7	AATGATACGGCGACCACCGAGATCTACACTCTTTCCCTACACGACGCTCTTCCGATCT	NNN	TGTTCCGT	GGACTACNVGGGTWTCTAAT	AATGATACGGCGACCACCGAGATCTACACTCTTTCCCTACACGACGCTCTTCCGATCTNNNTGTTCCGTGGACTACNVGGGTWTCTAAT
806R_inline56	E8	AATGATACGGCGACCACCGAGATCTACACTCTTTCCCTACACGACGCTCTTCCGATCT	NNNN	ACTCAACG	GGACTACNVGGGTWTCTAAT	AATGATACGGCGACCACCGAGATCTACACTCTTTCCCTACACGACGCTCTTCCGATCTNNNNACTCAACGGGACTACNVGGGTWTCTAAT
806R_inline57	E9	AATGATACGGCGACCACCGAGATCTACACTCTTTCCCTACACGACGCTCTTCCGATCT	N	AACAGGTG	GGACTACNVGGGTWTCTAAT	AATGATACGGCGACCACCGAGATCTACACTCTTTCCCTACACGACGCTCTTCCGATCTNAACAGGTGGGACTACNVGGGTWTCTAAT
806R_inline58	E10	AATGATACGGCGACCACCGAGATCTACACTCTTTCCCTACACGACGCTCTTCCGATCT	NN	CCTGTCAA	GGACTACNVGGGTWTCTAAT	AATGATACGGCGACCACCGAGATCTACACTCTTTCCCTACACGACGCTCTTCCGATCTNNCCTGTCAAGGACTACNVGGGTWTCTAAT
806R_inline59	E11	AATGATACGGCGACCACCGAGATCTACACTCTTTCCCTACACGACGCTCTTCCGATCT	NNN	TGACCGTT	GGACTACNVGGGTWTCTAAT	AATGATACGGCGACCACCGAGATCTACACTCTTTCCCTACACGACGCTCTTCCGATCTNNNTGACCGTTGGACTACNVGGGTWTCTAAT
806R_inline60	E12	AATGATACGGCGACCACCGAGATCTACACTCTTTCCCTACACGACGCTCTTCCGATCT	NNNN	GCTAAGGA	GGACTACNVGGGTWTCTAAT	AATGATACGGCGACCACCGAGATCTACACTCTTTCCCTACACGACGCTCTTCCGATCTNNNNGCTAAGGAGGACTACNVGGGTWTCTAAT
806R_inline61	F1	AATGATACGGCGACCACCGAGATCTACACTCTTTCCCTACACGACGCTCTTCCGATCT	N	ACCGAATG	GGACTACNVGGGTWTCTAAT	AATGATACGGCGACCACCGAGATCTACACTCTTTCCCTACACGACGCTCTTCCGATCTNACCGAATGGGACTACNVGGGTWTCTAAT
806R_inline62	F2	AATGATACGGCGACCACCGAGATCTACACTCTTTCCCTACACGACGCTCTTCCGATCT	NN	ACAGGCAT	GGACTACNVGGGTWTCTAAT	AATGATACGGCGACCACCGAGATCTACACTCTTTCCCTACACGACGCTCTTCCGATCTNNACAGGCATGGACTACNVGGGTWTCTAAT
806R_inline63	F3	AATGATACGGCGACCACCGAGATCTACACTCTTTCCCTACACGACGCTCTTCCGATCT	NNN	TAGCCATG	GGACTACNVGGGTWTCTAAT	AATGATACGGCGACCACCGAGATCTACACTCTTTCCCTACACGACGCTCTTCCGATCTNNNTAGCCATGGGACTACNVGGGTWTCTAAT
806R_inline64	F4	AATGATACGGCGACCACCGAGATCTACACTCTTTCCCTACACGACGCTCTTCCGATCT	NNNN	ACTTGGCT	GGACTACNVGGGTWTCTAAT	AATGATACGGCGACCACCGAGATCTACACTCTTTCCCTACACGACGCTCTTCCGATCTNNNNACTTGGCTGGACTACNVGGGTWTCTAAT
806R_inline65	F5	AATGATACGGCGACCACCGAGATCTACACTCTTTCCCTACACGACGCTCTTCCGATCT	N	ATACTGGC	GGACTACNVGGGTWTCTAAT	AATGATACGGCGACCACCGAGATCTACACTCTTTCCCTACACGACGCTCTTCCGATCTNATACTGGCGGACTACNVGGGTWTCTAAT
806R_inline66	F6	AATGATACGGCGACCACCGAGATCTACACTCTTTCCCTACACGACGCTCTTCCGATCT	NN	CTGTATGC	GGACTACNVGGGTWTCTAAT	AATGATACGGCGACCACCGAGATCTACACTCTTTCCCTACACGACGCTCTTCCGATCTNNCTGTATGCGGACTACNVGGGTWTCTAAT
806R_inline67	F7	AATGATACGGCGACCACCGAGATCTACACTCTTTCCCTACACGACGCTCTTCCGATCT	NNN	TTGCAACG	GGACTACNVGGGTWTCTAAT	AATGATACGGCGACCACCGAGATCTACACTCTTTCCCTACACGACGCTCTTCCGATCTNNNTTGCAACGGGACTACNVGGGTWTCTAAT
806R_inline68	F8	AATGATACGGCGACCACCGAGATCTACACTCTTTCCCTACACGACGCTCTTCCGATCT	NNNN	CGCCTTAT	GGACTACNVGGGTWTCTAAT	AATGATACGGCGACCACCGAGATCTACACTCTTTCCCTACACGACGCTCTTCCGATCTNNNNCGCCTTATGGACTACNVGGGTWTCTAAT
806R_inline69	F9	AATGATACGGCGACCACCGAGATCTACACTCTTTCCCTACACGACGCTCTTCCGATCT	N	CCAGTTGA	GGACTACNVGGGTWTCTAAT	AATGATACGGCGACCACCGAGATCTACACTCTTTCCCTACACGACGCTCTTCCGATCTNCCAGTTGAGGACTACNVGGGTWTCTAAT
806R_inline70	F10	AATGATACGGCGACCACCGAGATCTACACTCTTTCCCTACACGACGCTCTTCCGATCT	NN	TACCTGCA	GGACTACNVGGGTWTCTAAT	AATGATACGGCGACCACCGAGATCTACACTCTTTCCCTACACGACGCTCTTCCGATCTNNTACCTGCAGGACTACNVGGGTWTCTAAT
806R_inline71	F11	AATGATACGGCGACCACCGAGATCTACACTCTTTCCCTACACGACGCTCTTCCGATCT	NNN	AACAGCGA	GGACTACNVGGGTWTCTAAT	AATGATACGGCGACCACCGAGATCTACACTCTTTCCCTACACGACGCTCTTCCGATCTNNNAACAGCGAGGACTACNVGGGTWTCTAAT
806R_inline72	F12	AATGATACGGCGACCACCGAGATCTACACTCTTTCCCTACACGACGCTCTTCCGATCT	NNNN	ATCGTGGT	GGACTACNVGGGTWTCTAAT	AATGATACGGCGACCACCGAGATCTACACTCTTTCCCTACACGACGCTCTTCCGATCTNNNNATCGTGGTGGACTACNVGGGTWTCTAAT
806R_inline73	G1	AATGATACGGCGACCACCGAGATCTACACTCTTTCCCTACACGACGCTCTTCCGATCT	N	CAATGCGA	GGACTACNVGGGTWTCTAAT	AATGATACGGCGACCACCGAGATCTACACTCTTTCCCTACACGACGCTCTTCCGATCTNCAATGCGAGGACTACNVGGGTWTCTAAT
806R_inline74	G2	AATGATACGGCGACCACCGAGATCTACACTCTTTCCCTACACGACGCTCTTCCGATCT	NN	GATCAAGG	GGACTACNVGGGTWTCTAAT	AATGATACGGCGACCACCGAGATCTACACTCTTTCCCTACACGACGCTCTTCCGATCTNNGATCAAGGGGACTACNVGGGTWTCTAAT
806R_inline75	G3	AATGATACGGCGACCACCGAGATCTACACTCTTTCCCTACACGACGCTCTTCCGATCT	NNN	TTGGACTG	GGACTACNVGGGTWTCTAAT	AATGATACGGCGACCACCGAGATCTACACTCTTTCCCTACACGACGCTCTTCCGATCTNNNTTGGACTGGGACTACNVGGGTWTCTAAT
806R_inline76	G4	AATGATACGGCGACCACCGAGATCTACACTCTTTCCCTACACGACGCTCTTCCGATCT	NNNN	CGGATCAA	GGACTACNVGGGTWTCTAAT	AATGATACGGCGACCACCGAGATCTACACTCTTTCCCTACACGACGCTCTTCCGATCTNNNNCGGATCAAGGACTACNVGGGTWTCTAAT
806R_inline77	G5	AATGATACGGCGACCACCGAGATCTACACTCTTTCCCTACACGACGCTCTTCCGATCT	N	CGGAGTAT	GGACTACNVGGGTWTCTAAT	AATGATACGGCGACCACCGAGATCTACACTCTTTCCCTACACGACGCTCTTCCGATCTNCGGAGTATGGACTACNVGGGTWTCTAAT
806R_inline78	G6	AATGATACGGCGACCACCGAGATCTACACTCTTTCCCTACACGACGCTCTTCCGATCT	NN	TCTAGGAG	GGACTACNVGGGTWTCTAAT	AATGATACGGCGACCACCGAGATCTACACTCTTTCCCTACACGACGCTCTTCCGATCTNNTCTAGGAGGGACTACNVGGGTWTCTAAT
806R_inline79	G7	AATGATACGGCGACCACCGAGATCTACACTCTTTCCCTACACGACGCTCTTCCGATCT	NNN	CATACGGA	GGACTACNVGGGTWTCTAAT	AATGATACGGCGACCACCGAGATCTACACTCTTTCCCTACACGACGCTCTTCCGATCTNNNCATACGGAGGACTACNVGGGTWTCTAAT
806R_inline80	G8	AATGATACGGCGACCACCGAGATCTACACTCTTTCCCTACACGACGCTCTTCCGATCT	NNNN	GCATAGTC	GGACTACNVGGGTWTCTAAT	AATGATACGGCGACCACCGAGATCTACACTCTTTCCCTACACGACGCTCTTCCGATCTNNNNGCATAGTCGGACTACNVGGGTWTCTAAT
806R_inline81	G9	AATGATACGGCGACCACCGAGATCTACACTCTTTCCCTACACGACGCTCTTCCGATCT	N	TCCTGACT	GGACTACNVGGGTWTCTAAT	AATGATACGGCGACCACCGAGATCTACACTCTTTCCCTACACGACGCTCTTCCGATCTNTCCTGACTGGACTACNVGGGTWTCTAAT
806R_inline82	G10	AATGATACGGCGACCACCGAGATCTACACTCTTTCCCTACACGACGCTCTTCCGATCT	NN	ACAGCAAG	GGACTACNVGGGTWTCTAAT	AATGATACGGCGACCACCGAGATCTACACTCTTTCCCTACACGACGCTCTTCCGATCTNNACAGCAAGGGACTACNVGGGTWTCTAAT
806R_inline83	G11	AATGATACGGCGACCACCGAGATCTACACTCTTTCCCTACACGACGCTCTTCCGATCT	NNN	GAAGATCC	GGACTACNVGGGTWTCTAAT	AATGATACGGCGACCACCGAGATCTACACTCTTTCCCTACACGACGCTCTTCCGATCTNNNGAAGATCCGGACTACNVGGGTWTCTAAT
806R_inline84	G12	AATGATACGGCGACCACCGAGATCTACACTCTTTCCCTACACGACGCTCTTCCGATCT	NNNN	GAACGAAG	GGACTACNVGGGTWTCTAAT	AATGATACGGCGACCACCGAGATCTACACTCTTTCCCTACACGACGCTCTTCCGATCTNNNNGAACGAAGGGACTACNVGGGTWTCTAAT
806R_inline85	H1	AATGATACGGCGACCACCGAGATCTACACTCTTTCCCTACACGACGCTCTTCCGATCT	N	GTTATGGC	GGACTACNVGGGTWTCTAAT	AATGATACGGCGACCACCGAGATCTACACTCTTTCCCTACACGACGCTCTTCCGATCTNGTTATGGCGGACTACNVGGGTWTCTAAT
806R_inline86	H2	AATGATACGGCGACCACCGAGATCTACACTCTTTCCCTACACGACGCTCTTCCGATCT	NN	CCTATACC	GGACTACNVGGGTWTCTAAT	AATGATACGGCGACCACCGAGATCTACACTCTTTCCCTACACGACGCTCTTCCGATCTNNCCTATACCGGACTACNVGGGTWTCTAAT
806R_inline87	H3	AATGATACGGCGACCACCGAGATCTACACTCTTTCCCTACACGACGCTCTTCCGATCT	NNN	CAACGAGT	GGACTACNVGGGTWTCTAAT	AATGATACGGCGACCACCGAGATCTACACTCTTTCCCTACACGACGCTCTTCCGATCTNNNCAACGAGTGGACTACNVGGGTWTCTAAT
806R_inline88	H4	AATGATACGGCGACCACCGAGATCTACACTCTTTCCCTACACGACGCTCTTCCGATCT	NNNN	GTCCTGTT	GGACTACNVGGGTWTCTAAT	AATGATACGGCGACCACCGAGATCTACACTCTTTCCCTACACGACGCTCTTCCGATCTNNNNGTCCTGTTGGACTACNVGGGTWTCTAAT
806R_inline89	H5	AATGATACGGCGACCACCGAGATCTACACTCTTTCCCTACACGACGCTCTTCCGATCT	N	GTTGCTGT	GGACTACNVGGGTWTCTAAT	AATGATACGGCGACCACCGAGATCTACACTCTTTCCCTACACGACGCTCTTCCGATCTNGTTGCTGTGGACTACNVGGGTWTCTAAT
806R_inline90	H6	AATGATACGGCGACCACCGAGATCTACACTCTTTCCCTACACGACGCTCTTCCGATCT	NN	GGCAAGTT	GGACTACNVGGGTWTCTAAT	AATGATACGGCGACCACCGAGATCTACACTCTTTCCCTACACGACGCTCTTCCGATCTNNGGCAAGTTGGACTACNVGGGTWTCTAAT
806R_inline91	H7	AATGATACGGCGACCACCGAGATCTACACTCTTTCCCTACACGACGCTCTTCCGATCT	NNN	GGAGTCTT	GGACTACNVGGGTWTCTAAT	AATGATACGGCGACCACCGAGATCTACACTCTTTCCCTACACGACGCTCTTCCGATCTNNNGGAGTCTTGGACTACNVGGGTWTCTAAT
806R_inline92	H8	AATGATACGGCGACCACCGAGATCTACACTCTTTCCCTACACGACGCTCTTCCGATCT	NNNN	GGCGAATA	GGACTACNVGGGTWTCTAAT	AATGATACGGCGACCACCGAGATCTACACTCTTTCCCTACACGACGCTCTTCCGATCTNNNNGGCGAATAGGACTACNVGGGTWTCTAAT
806R_inline93	H9	AATGATACGGCGACCACCGAGATCTACACTCTTTCCCTACACGACGCTCTTCCGATCT	N	CTAACCTG	GGACTACNVGGGTWTCTAAT	AATGATACGGCGACCACCGAGATCTACACTCTTTCCCTACACGACGCTCTTCCGATCTNCTAACCTGGGACTACNVGGGTWTCTAAT
806R_inline94	H10	AATGATACGGCGACCACCGAGATCTACACTCTTTCCCTACACGACGCTCTTCCGATCT	NN	CTGAACGT	GGACTACNVGGGTWTCTAAT	AATGATACGGCGACCACCGAGATCTACACTCTTTCCCTACACGACGCTCTTCCGATCTNNCTGAACGTGGACTACNVGGGTWTCTAAT
806R_inline95	H11	AATGATACGGCGACCACCGAGATCTACACTCTTTCCCTACACGACGCTCTTCCGATCT	NNN	TCCTGGTA	GGACTACNVGGGTWTCTAAT	AATGATACGGCGACCACCGAGATCTACACTCTTTCCCTACACGACGCTCTTCCGATCTNNNTCCTGGTAGGACTACNVGGGTWTCTAAT
806R_inline96	H12	AATGATACGGCGACCACCGAGATCTACACTCTTTCCCTACACGACGCTCTTCCGATCT	NNNN	CTTCCTTC	GGACTACNVGGGTWTCTAAT	AATGATACGGCGACCACCGAGATCTACACTCTTTCCCTACACGACGCTCTTCCGATCTNNNNCTTCCTTCGGACTACNVGGGTWTCTAAT